<?xml version="1.0" encoding="UTF-8"?>
<theme name="default" version="1.0.1" active="true">
<author><![CDATA[hudong]]></author>
<authorurl><![CDATA[http://www.hduong.com]]></authorurl>
<name><![CDATA[默认风格]]></name>
<tag><![CDATA[ 黑色]]></tag>
<desc><![CDATA[http://www.hduong.com]]></desc>
<sitename><![CDATA[hudong]]></sitename>
<weburl><![CDATA[http://www.hduong.com]]></weburl>
<version><![CDATA[1]]></version>
<hdversion><![CDATA[4.1]]></hdversion>
<copyright><![CDATA[1]]></copyright>
<charset><![CDATA[UTF-8 GBK]]></charset>
</theme>